ID,Nome,Senha,Email,Documento,Idade
1,James,70116,jbutt@gmail.com,15.445.621-0,20
2,Josephine,48116,josephine_darakjy@darakjy.org,30.273.546-9,25
3,Art,8014,art@venere.org,07.530.249-8,30
4,Lenna,99501,lpaprocki@hotmail.com,94.685.510-8,15
5,Donette,45011,donette.foller@cox.net,49.014.793-3,16
6,Simona,44805,simona@morasca.com,57.016.350-7,12
7,Mitsue,60632,mitsue_tollner@yahoo.com,21.037.035-0,21
8,Leota,95111,leota@hotmail.com,00.577.247-4,22
9,Sage,57105,sage_wieser@cox.net,98.640.627-7,18
10,Kris,21224,kris@gmail.com,82.104.750-2,21
11,Minna,19443,minna_amigon@yahoo.com,37.470.680-2,22
12,Abel,11953,amaclead@gmail.com,29.493.902-6,18
13,Kiley,90034,kiley.caldarera@aol.com,40.883.710-6,19
14,Graciela,44023,gruta@cox.net,33.488.280-2,20
15,Cammy,78045,calbares@gmail.com,10.191.036-4,15
16,Mattie,85013,mattie@aol.com,11.089.783-1,17
17,Meaghan,37110,meaghan@hotmail.com,63.104.473-5,22
18,Gladys,53207,gladys.rim@rim.org,37.392.740-6,23
19,Yuki,48180,yuki_whobrey@aol.com,99.563.825-9,40
20,Fletcher,61109,fletcher.flosi@yahoo.com,62.990.131-1,44
