ID,Filme,Gênero,Duração,Censura,Diretor
1,Zack and Miri,Romance,105,16,Patrick Read Johnson
2,Youth in Revolt,Comedy,120,10,Taylor Hackford
3,You Will Meet a Tall Dark Stranger,Comedy,135,10,George Lucas
4,When in Rome,Comedy,140,10,Robert Zemeckis
5,What Happens in Vegas,Comedy,110,10,Robert Zemeckis
6,Water For Elephants,Drama,160,18,Robert Zemeckis
7,WALL-E,Animation,165,10,Sidney Lumet
8,Waitress,Romance,140,16,Terry Gilliam
9,Waiting For Forever,Romance,155,18,Stanley Kubrick
10,Valentine's Day,Comedy,160,12,Richard Fleischer
